{"cameraMode":{"drawMode":0,"name":"Shaded","section":"Shading Mode"},"sceneLighting":false,"audioPlay":false,"sceneViewState":{"showFog":true,"showMaterialUpdate":false,"showSkybox":false,"showFlares":true,"showImageEffects":true,"showParticleSystems":true},"in2DMode":false,"pivot":{"x":1.4901161193847657e-8,"y":0.0,"z":-1.4901161193847657e-8},"rotation":{"x":-0.06258052587509155,"y":0.2389492690563202,"z":-0.015433638356626034,"w":-0.9688913226127625},"size":1.4449489116668702,"orthographic":false}