{"cameraMode":{"drawMode":0,"name":"Shaded","section":"Shading Mode"},"sceneLighting":false,"audioPlay":false,"sceneViewState":{"showFog":true,"showMaterialUpdate":false,"showSkybox":false,"showFlares":true,"showImageEffects":true,"showParticleSystems":true},"in2DMode":false,"pivot":{"x":5.960464477539063e-7,"y":0.10645408183336258,"z":0.12240028381347656},"rotation":{"x":-0.02456667087972164,"y":0.9513003826141357,"z":-0.07866035401821137,"w":-0.29709264636039736},"size":1.6636779308319092,"orthographic":true}