{"cameraMode":{"drawMode":0,"name":"Shaded","section":"Shading Mode"},"sceneLighting":false,"audioPlay":false,"sceneViewState":{"showFog":true,"showMaterialUpdate":false,"showSkybox":false,"showFlares":true,"showImageEffects":true,"showParticleSystems":true},"in2DMode":false,"pivot":{"x":0.0000011324882507324219,"y":0.07892866432666779,"z":0.10793447494506836},"rotation":{"x":-0.02456667087972164,"y":0.9513003826141357,"z":-0.07866035401821137,"w":-0.29709264636039736},"size":1.6311557292938233,"orthographic":true}