{"cameraMode":{"drawMode":0,"name":"Shaded","section":"Shading Mode"},"sceneLighting":false,"audioPlay":false,"sceneViewState":{"showFog":true,"showMaterialUpdate":false,"showSkybox":false,"showFlares":true,"showImageEffects":true,"showParticleSystems":true},"in2DMode":false,"pivot":{"x":-5.171875,"y":10.269775390625,"z":-13.961669921875},"rotation":{"x":0.08992783725261688,"y":0.6212174892425537,"z":-0.07207252085208893,"w":0.7751364707946777},"size":11.411661148071289,"orthographic":true}