{"cameraMode":{"drawMode":0,"name":"Shaded","section":"Shading Mode"},"sceneLighting":false,"audioPlay":false,"sceneViewState":{"showFog":true,"showMaterialUpdate":false,"showSkybox":false,"showFlares":true,"showImageEffects":true,"showParticleSystems":true},"in2DMode":false,"pivot":{"x":-0.009394615888595581,"y":0.07720774412155152,"z":-0.03471934795379639},"rotation":{"x":-0.02456667087972164,"y":0.9513003826141357,"z":-0.07866035401821137,"w":-0.29709264636039736},"size":1.9462982416152955,"orthographic":true}