{"cameraMode":{"drawMode":0,"name":"Shaded","section":"Shading Mode"},"sceneLighting":true,"audioPlay":false,"sceneViewState":{"showFog":true,"showMaterialUpdate":false,"showSkybox":true,"showFlares":true,"showImageEffects":true,"showParticleSystems":true},"in2DMode":false,"pivot":{"x":-2.7666015625,"y":50.865272521972659,"z":-5.111328125},"rotation":{"x":0.030683979392051698,"y":0.2890785336494446,"z":-0.009387623518705368,"w":0.9568153023719788},"size":86.6025390625,"orthographic":true}