{"cameraMode":{"drawMode":0,"name":"Shaded","section":"Shading Mode"},"sceneLighting":false,"audioPlay":false,"sceneViewState":{"showFog":true,"showMaterialUpdate":false,"showSkybox":false,"showFlares":true,"showImageEffects":true,"showParticleSystems":true},"in2DMode":false,"pivot":{"x":0.0008276700973510742,"y":0.2921934127807617,"z":-0.18542885780334474},"rotation":{"x":-0.02456667087972164,"y":0.9513003826141357,"z":-0.07866035401821137,"w":-0.29709264636039736},"size":3.2767350673675539,"orthographic":true}