{"cameraMode":{"drawMode":0,"name":"Shaded","section":"Shading Mode"},"sceneLighting":false,"audioPlay":false,"sceneViewState":{"showFog":true,"showMaterialUpdate":false,"showSkybox":false,"showFlares":true,"showImageEffects":true,"showParticleSystems":true},"in2DMode":false,"pivot":{"x":-0.00010955333709716797,"y":0.12199047207832337,"z":0.44382244348526},"rotation":{"x":-0.02456667087972164,"y":0.9513003826141357,"z":-0.07866035401821137,"w":-0.29709264636039736},"size":2.167771816253662,"orthographic":true}