{"cameraMode":{"drawMode":0,"name":"Shaded","section":"Shading Mode"},"sceneLighting":false,"audioPlay":false,"sceneViewState":{"showFog":true,"showMaterialUpdate":false,"showSkybox":false,"showFlares":true,"showImageEffects":true,"showParticleSystems":true},"in2DMode":false,"pivot":{"x":0.0010815858840942383,"y":0.1861964464187622,"z":0.2799067497253418},"rotation":{"x":0.008737709373235703,"y":0.9810937643051148,"z":-0.045655153691768649,"w":0.18796828389167787},"size":2.5120654106140138,"orthographic":true}