{"cameraMode":{"drawMode":0,"name":"Shaded","section":"Shading Mode"},"sceneLighting":false,"audioPlay":false,"sceneViewState":{"showFog":true,"showMaterialUpdate":false,"showSkybox":false,"showFlares":true,"showImageEffects":true,"showParticleSystems":true},"in2DMode":false,"pivot":{"x":0.2913818359375,"y":-0.01726531982421875,"z":-1.7968597412109376},"rotation":{"x":0.025847753509879113,"y":-0.7690887451171875,"z":0.031164882704615594,"w":0.6378639936447144},"size":1.5218559503555298,"orthographic":true}