{"cameraMode":{"drawMode":0,"name":"Shaded","section":"Shading Mode"},"sceneLighting":false,"audioPlay":false,"sceneViewState":{"showFog":true,"showMaterialUpdate":false,"showSkybox":false,"showFlares":true,"showImageEffects":true,"showParticleSystems":true},"in2DMode":false,"pivot":{"x":2.0010464191436769,"y":-0.7989760637283325,"z":-0.000637054443359375},"rotation":{"x":-0.20555168390274049,"y":0.42865633964538576,"z":-0.10084882378578186,"w":-0.8740111589431763},"size":2.3238117694854738,"orthographic":true}